sdc,sd@gmail.com,asdz,"				aedfszc						qewedafsda
adsfz"
sdc,sd@gmail.com,asdz,"				aedfszc						qewedafsda
adsfz"
fdesg,egrfa@fg.com,wad,`we										
fdesg,egrfa@fg.com,wad,`we										
fdesg,egrfa@fg.com,wad,`we										
fdesg,egrfa@fg.com,wad,`we										
fdesg,egrfa@fg.com,wad,`we										
fdesg,egrfa@fg.com,wad,`we										
fdesg,egrfa@fg.com,wad,`we										
fdesg,egrfa@fg.com,wad,`we										
fdesg,egrfa@fg.com,wad,`we										
fdesg,egrfa@fg.com,wad,`we										
fdesg,egrfa@fg.com,wad,`we										
fdesg,egrfa@fg.com,wad,`we										
